{
  "po_box": "PO123456",
  "jurisdiction": "PROBATE",
  "delivery_date": "2021-07-01T16:40:00.100Z",
  "opening_date": "2021-07-01T16:40:00.100Z",
  "zip_file_createddate": "2021-07-01T16:40:00.100Z",
  "zip_file_name": "1579002496_01-07-2021-16-40-00.zip",
  "originating_document_control_number": "2003004020447",
  "scannable_items": [
      {
        "document_control_number": "1111001",
        "document_type": "PCQ-A",
        "scanning_date": "2021-07-01T16:40:00.100Z",
        "ocr_accuracy": "string",
        "file_name": "1111001.pdf",
        "notes": "Data error missing ocr_data"
      }
    ]
}
